{
  "client/tailwind.config.js": 1776275587.5517511,
  "client/postcss.config.js": 1776275587.5508413,
  "client/vite.config.ts": 1776275587.5517511,
  "client/src/main.tsx": 1776275587.551153,
  "client/src/vite-env.d.ts": 1776275587.5517511,
  "client/src/App.tsx": 1776275587.5508413,
  "client/src/utils/api.ts": 1776275587.5517511,
  "client/src/pages/Landing.tsx": 1776275587.551363,
  "client/src/pages/EditItem.tsx": 1776275587.551363,
  "client/src/pages/Register.tsx": 1776275587.5515137,
  "client/src/pages/Wardrobe.tsx": 1776275587.5515137,
  "client/src/pages/Shopping.tsx": 1776275587.5515137,
  "client/src/pages/Profile.tsx": 1776275587.5515137,
  "client/src/pages/Onboarding.tsx": 1776275587.5515137,
  "client/src/pages/Dashboard.tsx": 1776275587.551363,
  "client/src/pages/AddItem.tsx": 1776275587.551153,
  "client/src/pages/Login.tsx": 1776275587.5515137,
  "client/src/pages/Recommendations.tsx": 1776275587.5515137,
  "client/src/pages/Outfits.tsx": 1776275587.5515137,
  "client/src/components/Layout.tsx": 1776275587.551153,
  "client/src/components/Toast.tsx": 1776275587.551153,
  "client/src/components/Sidebar.tsx": 1776275587.551153,
  "client/src/components/Header.tsx": 1776275587.551083,
  "client/src/store/index.ts": 1776275587.5515137,
  "server/src/index.js": 1776275587.5534554,
  "server/src/routes/auth.js": 1776275587.5535555,
  "server/src/routes/outfits.js": 1776275587.553702,
  "server/src/routes/users.js": 1776275587.553702,
  "server/src/routes/recommendations.js": 1776275587.553702,
  "server/src/routes/wardrobe.js": 1776275587.553702,
  "server/src/routes/shopping.js": 1776275587.553702,
  "server/src/routes/ml.js": 1776275587.5536642,
  "server/src/middleware/auth.js": 1776275587.5534554,
  "server/src/middleware/errorHandler.js": 1776275587.5535555,
  "server/src/config/index.js": 1776275587.553403,
  "ml-service/app.py": 1776275587.5523424,
  "SPEC.md": 1776275587.5502768,
  "README.md": 1776275587.5499666,
  "ml-service/requirements.txt": 1776275587.5523424
}